{"IcoMoonType":"selection","icons":[{"icon":{"paths":["M1706.667 617.651h-1592.889c-48.762 0-97.524-48.762-97.524-97.524v-16.254c0-48.762 48.762-97.524 97.524-97.524h1592.889c48.762 0 97.524 48.762 97.524 97.524v16.254c0 48.762-48.762 97.524-97.524 97.524z","M2048 503.873c0 278.281-225.592 503.873-503.873 503.873s-503.873-225.592-503.873-503.873c0-278.281 225.592-503.873 503.873-503.873s503.873 225.592 503.873 503.873z"],"attrs":[{"fill":"rgb(116, 116, 117)"},{"fill":"rgb(255, 255, 255)"}],"width":2064,"isMulticolor":true,"isMulticolor2":false,"grid":0,"tags":["list-icon"],"colorPermutations":{"11611611712552552551":[{"f":0},{"f":1}]}},"attrs":[{"fill":"rgb(116, 116, 117)"},{"fill":"rgb(255, 255, 255)"}],"properties":{"order":2,"id":0,"name":"list-icon","prevSize":32,"code":59648,"codes":[59648,59649]},"setIdx":0,"setId":2,"iconIdx":0}],"height":1024,"metadata":{"name":"icomoon"},"preferences":{"showGlyphs":true,"showQuickUse":true,"showQuickUse2":true,"showSVGs":true,"fontPref":{"prefix":"icon-","metadata":{"fontFamily":"icomoon"},"metrics":{"emSize":1024,"baseline":6.25,"whitespace":50},"embed":false},"imagePref":{"prefix":"icon-","png":true,"useClassSelector":true,"color":0,"bgColor":16777215,"classSelector":".icon"},"historySize":50,"showCodes":true,"gridSize":16}}